set,number,vertices,max_children,seed,file
S,1,10,4,10,set_S/S001_n10_k4_seed10.txt
S,2,10,4,41,set_S/S002_n10_k4_seed41.txt
S,3,10,4,72,set_S/S003_n10_k4_seed72.txt
S,4,10,4,103,set_S/S004_n10_k4_seed103.txt
S,5,10,4,134,set_S/S005_n10_k4_seed134.txt
S,6,10,4,165,set_S/S006_n10_k4_seed165.txt
S,7,10,4,196,set_S/S007_n10_k4_seed196.txt
S,8,10,4,227,set_S/S008_n10_k4_seed227.txt
S,9,10,4,258,set_S/S009_n10_k4_seed258.txt
S,10,10,4,289,set_S/S010_n10_k4_seed289.txt
S,11,10,4,320,set_S/S011_n10_k4_seed320.txt
S,12,10,4,351,set_S/S012_n10_k4_seed351.txt
S,13,10,4,382,set_S/S013_n10_k4_seed382.txt
S,14,10,4,413,set_S/S014_n10_k4_seed413.txt
S,15,10,4,444,set_S/S015_n10_k4_seed444.txt
S,16,10,4,475,set_S/S016_n10_k4_seed475.txt
S,17,10,4,506,set_S/S017_n10_k4_seed506.txt
S,18,10,4,537,set_S/S018_n10_k4_seed537.txt
S,19,10,4,568,set_S/S019_n10_k4_seed568.txt
S,20,10,4,599,set_S/S020_n10_k4_seed599.txt
S,21,15,4,15,set_S/S021_n15_k4_seed15.txt
S,22,15,4,46,set_S/S022_n15_k4_seed46.txt
S,23,15,4,77,set_S/S023_n15_k4_seed77.txt
S,24,15,4,108,set_S/S024_n15_k4_seed108.txt
S,25,15,4,139,set_S/S025_n15_k4_seed139.txt
S,26,15,4,170,set_S/S026_n15_k4_seed170.txt
S,27,15,4,201,set_S/S027_n15_k4_seed201.txt
S,28,15,4,232,set_S/S028_n15_k4_seed232.txt
S,29,15,4,263,set_S/S029_n15_k4_seed263.txt
S,30,15,4,294,set_S/S030_n15_k4_seed294.txt
S,31,15,4,325,set_S/S031_n15_k4_seed325.txt
S,32,15,4,356,set_S/S032_n15_k4_seed356.txt
S,33,15,4,387,set_S/S033_n15_k4_seed387.txt
S,34,15,4,418,set_S/S034_n15_k4_seed418.txt
S,35,15,4,449,set_S/S035_n15_k4_seed449.txt
S,36,15,4,480,set_S/S036_n15_k4_seed480.txt
S,37,15,4,511,set_S/S037_n15_k4_seed511.txt
S,38,15,4,542,set_S/S038_n15_k4_seed542.txt
S,39,15,4,573,set_S/S039_n15_k4_seed573.txt
S,40,15,4,604,set_S/S040_n15_k4_seed604.txt
S,41,20,4,20,set_S/S041_n20_k4_seed20.txt
S,42,20,4,51,set_S/S042_n20_k4_seed51.txt
S,43,20,4,82,set_S/S043_n20_k4_seed82.txt
S,44,20,4,113,set_S/S044_n20_k4_seed113.txt
S,45,20,4,144,set_S/S045_n20_k4_seed144.txt
S,46,20,4,175,set_S/S046_n20_k4_seed175.txt
S,47,20,4,206,set_S/S047_n20_k4_seed206.txt
S,48,20,4,237,set_S/S048_n20_k4_seed237.txt
S,49,20,4,268,set_S/S049_n20_k4_seed268.txt
S,50,20,4,299,set_S/S050_n20_k4_seed299.txt
S,51,20,4,330,set_S/S051_n20_k4_seed330.txt
S,52,20,4,361,set_S/S052_n20_k4_seed361.txt
S,53,20,4,392,set_S/S053_n20_k4_seed392.txt
S,54,20,4,423,set_S/S054_n20_k4_seed423.txt
S,55,20,4,454,set_S/S055_n20_k4_seed454.txt
S,56,20,4,485,set_S/S056_n20_k4_seed485.txt
S,57,20,4,516,set_S/S057_n20_k4_seed516.txt
S,58,20,4,547,set_S/S058_n20_k4_seed547.txt
S,59,20,4,578,set_S/S059_n20_k4_seed578.txt
S,60,20,4,609,set_S/S060_n20_k4_seed609.txt
S,61,30,4,30,set_S/S061_n30_k4_seed30.txt
S,62,30,4,61,set_S/S062_n30_k4_seed61.txt
S,63,30,4,92,set_S/S063_n30_k4_seed92.txt
S,64,30,4,123,set_S/S064_n30_k4_seed123.txt
S,65,30,4,154,set_S/S065_n30_k4_seed154.txt
S,66,30,4,185,set_S/S066_n30_k4_seed185.txt
S,67,30,4,216,set_S/S067_n30_k4_seed216.txt
S,68,30,4,247,set_S/S068_n30_k4_seed247.txt
S,69,30,4,278,set_S/S069_n30_k4_seed278.txt
S,70,30,4,309,set_S/S070_n30_k4_seed309.txt
S,71,30,4,340,set_S/S071_n30_k4_seed340.txt
S,72,30,4,371,set_S/S072_n30_k4_seed371.txt
S,73,30,4,402,set_S/S073_n30_k4_seed402.txt
S,74,30,4,433,set_S/S074_n30_k4_seed433.txt
S,75,30,4,464,set_S/S075_n30_k4_seed464.txt
S,76,30,4,495,set_S/S076_n30_k4_seed495.txt
S,77,30,4,526,set_S/S077_n30_k4_seed526.txt
S,78,30,4,557,set_S/S078_n30_k4_seed557.txt
S,79,30,4,588,set_S/S079_n30_k4_seed588.txt
S,80,30,4,619,set_S/S080_n30_k4_seed619.txt
S,81,45,4,45,set_S/S081_n45_k4_seed45.txt
S,82,45,4,76,set_S/S082_n45_k4_seed76.txt
S,83,45,4,107,set_S/S083_n45_k4_seed107.txt
S,84,45,4,138,set_S/S084_n45_k4_seed138.txt
S,85,45,4,169,set_S/S085_n45_k4_seed169.txt
S,86,45,4,200,set_S/S086_n45_k4_seed200.txt
S,87,45,4,231,set_S/S087_n45_k4_seed231.txt
S,88,45,4,262,set_S/S088_n45_k4_seed262.txt
S,89,45,4,293,set_S/S089_n45_k4_seed293.txt
S,90,45,4,324,set_S/S090_n45_k4_seed324.txt
S,91,45,4,355,set_S/S091_n45_k4_seed355.txt
S,92,45,4,386,set_S/S092_n45_k4_seed386.txt
S,93,45,4,417,set_S/S093_n45_k4_seed417.txt
S,94,45,4,448,set_S/S094_n45_k4_seed448.txt
S,95,45,4,479,set_S/S095_n45_k4_seed479.txt
S,96,45,4,510,set_S/S096_n45_k4_seed510.txt
S,97,45,4,541,set_S/S097_n45_k4_seed541.txt
S,98,45,4,572,set_S/S098_n45_k4_seed572.txt
S,99,45,4,603,set_S/S099_n45_k4_seed603.txt
S,100,45,4,634,set_S/S100_n45_k4_seed634.txt
L,1,60,3,60,set_L/L001_n60_k3_seed60.txt
L,2,60,3,73,set_L/L002_n60_k3_seed73.txt
L,3,60,3,86,set_L/L003_n60_k3_seed86.txt
L,4,60,3,99,set_L/L004_n60_k3_seed99.txt
L,5,60,3,112,set_L/L005_n60_k3_seed112.txt
L,6,60,3,125,set_L/L006_n60_k3_seed125.txt
L,7,60,3,138,set_L/L007_n60_k3_seed138.txt
L,8,60,3,151,set_L/L008_n60_k3_seed151.txt
L,9,80,3,80,set_L/L009_n80_k3_seed80.txt
L,10,80,3,93,set_L/L010_n80_k3_seed93.txt
L,11,80,3,106,set_L/L011_n80_k3_seed106.txt
L,12,80,3,119,set_L/L012_n80_k3_seed119.txt
L,13,80,3,132,set_L/L013_n80_k3_seed132.txt
L,14,80,3,145,set_L/L014_n80_k3_seed145.txt
L,15,80,3,158,set_L/L015_n80_k3_seed158.txt
L,16,80,3,171,set_L/L016_n80_k3_seed171.txt
L,17,100,3,100,set_L/L017_n100_k3_seed100.txt
L,18,100,3,113,set_L/L018_n100_k3_seed113.txt
L,19,100,3,126,set_L/L019_n100_k3_seed126.txt
L,20,100,3,139,set_L/L020_n100_k3_seed139.txt
L,21,100,3,152,set_L/L021_n100_k3_seed152.txt
L,22,100,3,165,set_L/L022_n100_k3_seed165.txt
L,23,100,3,178,set_L/L023_n100_k3_seed178.txt
L,24,100,3,191,set_L/L024_n100_k3_seed191.txt
H,1,30,6,30,set_H/H001_n30_k6_seed30.txt
H,2,30,8,30,set_H/H002_n30_k8_seed30.txt
H,3,30,6,47,set_H/H003_n30_k6_seed47.txt
H,4,30,8,47,set_H/H004_n30_k8_seed47.txt
H,5,30,6,64,set_H/H005_n30_k6_seed64.txt
H,6,30,8,64,set_H/H006_n30_k8_seed64.txt
H,7,30,6,81,set_H/H007_n30_k6_seed81.txt
H,8,30,8,81,set_H/H008_n30_k8_seed81.txt
H,9,30,6,98,set_H/H009_n30_k6_seed98.txt
H,10,30,8,98,set_H/H010_n30_k8_seed98.txt
H,11,30,6,115,set_H/H011_n30_k6_seed115.txt
H,12,30,8,115,set_H/H012_n30_k8_seed115.txt
H,13,30,6,132,set_H/H013_n30_k6_seed132.txt
H,14,30,8,132,set_H/H014_n30_k8_seed132.txt
H,15,30,6,149,set_H/H015_n30_k6_seed149.txt
H,16,30,8,149,set_H/H016_n30_k8_seed149.txt
H,17,30,6,166,set_H/H017_n30_k6_seed166.txt
H,18,30,8,166,set_H/H018_n30_k8_seed166.txt
H,19,30,6,183,set_H/H019_n30_k6_seed183.txt
H,20,30,8,183,set_H/H020_n30_k8_seed183.txt
H,21,45,6,45,set_H/H021_n45_k6_seed45.txt
H,22,45,8,45,set_H/H022_n45_k8_seed45.txt
H,23,45,6,62,set_H/H023_n45_k6_seed62.txt
H,24,45,8,62,set_H/H024_n45_k8_seed62.txt
H,25,45,6,79,set_H/H025_n45_k6_seed79.txt
H,26,45,8,79,set_H/H026_n45_k8_seed79.txt
H,27,45,6,96,set_H/H027_n45_k6_seed96.txt
H,28,45,8,96,set_H/H028_n45_k8_seed96.txt
H,29,45,6,113,set_H/H029_n45_k6_seed113.txt
H,30,45,8,113,set_H/H030_n45_k8_seed113.txt
H,31,45,6,130,set_H/H031_n45_k6_seed130.txt
H,32,45,8,130,set_H/H032_n45_k8_seed130.txt
H,33,45,6,147,set_H/H033_n45_k6_seed147.txt
H,34,45,8,147,set_H/H034_n45_k8_seed147.txt
H,35,45,6,164,set_H/H035_n45_k6_seed164.txt
H,36,45,8,164,set_H/H036_n45_k8_seed164.txt
H,37,45,6,181,set_H/H037_n45_k6_seed181.txt
H,38,45,8,181,set_H/H038_n45_k8_seed181.txt
H,39,45,6,198,set_H/H039_n45_k6_seed198.txt
H,40,45,8,198,set_H/H040_n45_k8_seed198.txt
H,41,60,6,60,set_H/H041_n60_k6_seed60.txt
H,42,60,8,60,set_H/H042_n60_k8_seed60.txt
H,43,60,6,77,set_H/H043_n60_k6_seed77.txt
H,44,60,8,77,set_H/H044_n60_k8_seed77.txt
H,45,60,6,94,set_H/H045_n60_k6_seed94.txt
H,46,60,8,94,set_H/H046_n60_k8_seed94.txt
H,47,60,6,111,set_H/H047_n60_k6_seed111.txt
H,48,60,8,111,set_H/H048_n60_k8_seed111.txt
H,49,60,6,128,set_H/H049_n60_k6_seed128.txt
H,50,60,8,128,set_H/H050_n60_k8_seed128.txt
H,51,60,6,145,set_H/H051_n60_k6_seed145.txt
H,52,60,8,145,set_H/H052_n60_k8_seed145.txt
H,53,60,6,162,set_H/H053_n60_k6_seed162.txt
H,54,60,8,162,set_H/H054_n60_k8_seed162.txt
H,55,60,6,179,set_H/H055_n60_k6_seed179.txt
H,56,60,8,179,set_H/H056_n60_k8_seed179.txt
H,57,60,6,196,set_H/H057_n60_k6_seed196.txt
H,58,60,8,196,set_H/H058_n60_k8_seed196.txt
H,59,60,6,213,set_H/H059_n60_k6_seed213.txt
H,60,60,8,213,set_H/H060_n60_k8_seed213.txt
